{"controlPoints":[{"x":0.0,"y":0.0},{"x":236.13818,"y":286.2236},{"x":167.95801,"y":493.86133},{"x":600.0,"y":600.0}],"color":65535}